{"cameraMode":{"drawMode":0,"name":"Shaded","section":"Shading Mode"},"sceneLighting":false,"audioPlay":false,"sceneViewState":{"showFog":true,"showMaterialUpdate":false,"showSkybox":true,"showFlares":true,"showImageEffects":true,"showParticleSystems":true},"in2DMode":false,"pivot":{"x":-10.073625564575196,"y":4.9463958740234379,"z":-11.435752868652344},"rotation":{"x":-0.34680506587028506,"y":0.33659282326698305,"z":-0.13495086133480073,"w":-0.8649970293045044},"size":35.28424072265625,"orthographic":false}